<?xml version="1.0" encoding="UTF-8"?>
<beans xmlns="http://www.springframework.org/schema/beans"
	xmlns:xsi="http://www.w3.org/2001/XMLSchema-instance"
	xmlns:context="http://www.springframework.org/schema/context"
	xmlns:mybatis-spring="http://mybatis.org/schema/mybatis-spring"
	xsi:schemaLocation="http://mybatis.org/schema/mybatis-spring http://mybatis.org/schema/mybatis-spring-1.2.xsd
		http://www.springframework.org/schema/beans https://www.springframework.org/schema/beans/spring-beans.xsd
		http://www.springframework.org/schema/context http://www.springframework.org/schema/context/spring-context-4.3.xsd">

	<!-- Root Context: defines shared resources visible to all other web components -->
		
	<bean id="hikariConfig" class="com.zaxxer.hikari.HikariConfig">
		<property name="driverClassName" value="org.mariadb.jdbc.Driver" />
		<property name="jdbcUrl" value="jdbc:mariadb://localhost:3307/backend"/>
		<property name="username" value= "skim"/>
		<property name="password" value= "1111" />
	</bean> 
	
	<bean id = "dataSource" class="com.zaxxer.hikari.HikariDataSource" destroy-method="close">
		<constructor-arg  ref="hikariConfig" />
	</bean> 
	
	<!-- Spring이 애플리케이션 시작 시 이 빈을 초기화하면서 내부적으로 SqlSessionFactory 객체를 생성하며, -->
	<!-- 스프링 컨테이너에는 실제로 SqlSessionFactoryBean 객체가 아니라 SqlSessionFactory 객체가 빈으로 등록 -->
	<bean id="sqlSessionFactory" class="org.mybatis.spring.SqlSessionFactoryBean">
		<property name="dataSource" ref="dataSource"/>
	</bean>
	
	<mybatis-spring:scan base-package="cs.dit.mapper"/>
	<context:component-scan base-package="cs.dit.service"/>

</beans>