<?xml version="1.0" encoding="UTF-8"?>
<!DOCTYPE mapper
  PUBLIC "-//mybatis.org//DTD Mapper 3.0//EN"
  "http://mybatis.org/dtd/mybatis-3-mapper.dtd">

<mapper namespace="cs.dit.mapper.BoardMapper">

  <select id="getList" resultType="cs.dit.domain.BoardVO">
    select * from tbl_board order by bno desc  
  </select>
  
   <select id="read" resultType="cs.dit.domain.BoardVO">
    select * from tbl_board where bno = #{bno} 
  </select>
  
  <insert id="insert">
  	insert into tbl_board(title, content, writer) 
	values(#{title}, #{content}, #{writer})  	
  </insert>
  
  <update id = "update">
  	update tbl_board set title = #{title},
  	 	content = #{content}, writer = #{writer},
  	 	updateDate = now() 
  	where bno = #{bno}
  </update>
  
  <delete id="delete" >
    delete from tbl_board where bno = #{bno}
  </delete>
  
</mapper>