<?xml version="1.0" encoding="UTF-8"?>
<!DOCTYPE mapper
  PUBLIC "-//mybatis.org//DTD Mapper 3.0//EN"
  "http://mybatis.org/dtd/mybatis-3-mapper.dtd">

<mapper namespace="cs.dit.mapper.ReplyMapper">

  <!-- 댓글 목록 조회 -->
  <select id="getList" resultType="cs.dit.domain.ReplyVO">
    SELECT 
      rno,
      board_type as boardType,
      bno,
      reply,
      replyer,
      parent_rno as parentRno,
      reply_date as replyDate,
      update_date as updateDate
    FROM tbl_reply 
    WHERE board_type = #{boardType} AND bno = #{bno}
    ORDER BY parent_rno ASC, reply_date ASC
  </select>
  
  <!-- 댓글 조회 -->
  <select id="read" resultType="cs.dit.domain.ReplyVO">
    SELECT 
      rno,
      board_type as boardType,
      bno,
      reply,
      replyer,
      parent_rno as parentRno,
      reply_date as replyDate,
      update_date as updateDate
    FROM tbl_reply 
    WHERE rno = #{rno}
  </select>
  
  <!-- 댓글 등록 -->
  <insert id="insert">
    INSERT INTO tbl_reply(board_type, bno, reply, replyer, parent_rno)
    VALUES(#{boardType}, #{bno}, #{reply}, #{replyer}, #{parentRno})
  </insert>
  
  <!-- 댓글 수정 -->
  <update id="update">
    UPDATE tbl_reply SET 
      reply = #{reply},
      update_date = NOW()
    WHERE rno = #{rno}
  </update>
  
  <!-- 댓글 삭제 -->
  <delete id="delete">
    DELETE FROM tbl_reply WHERE rno = #{rno}
  </delete>
  
  <!-- 댓글 수 카운트 -->
  <select id="getCount" resultType="int">
    SELECT COUNT(*) FROM tbl_reply 
    WHERE board_type = #{boardType} AND bno = #{bno}
  </select>
  
</mapper>
