<?xml version="1.0" encoding="UTF-8"?>
<!DOCTYPE mapper
  PUBLIC "-//mybatis.org//DTD Mapper 3.0//EN"
  "http://mybatis.org/dtd/mybatis-3-mapper.dtd">

<mapper namespace="cs.dit.mapper.VintageMarketMapper">

  <select id="getList" resultType="cs.dit.domain.VintageMarketVO">
    SELECT 
      bno, title, trade_type as tradeType, brand, model, year, price,
      watch_condition as watchCondition, is_serviced as isServiced, 
      location, trade_status as tradeStatus, image_url as imageUrl,
      content, writer, regdate, updatedate,
      view_count as viewCount, like_count as likeCount, (SELECT COUNT(*) FROM tbl_reply WHERE board_type='market' AND tbl_reply.bno=tbl_vintage_market.bno) as replyCount
    FROM tbl_vintage_market 
    ORDER BY bno DESC  
  </select>
  
  <select id="getListByTradeType" resultType="cs.dit.domain.VintageMarketVO">
    SELECT 
      bno, title, trade_type as tradeType, brand, model, year, price,
      watch_condition as watchCondition, is_serviced as isServiced, 
      location, trade_status as tradeStatus, image_url as imageUrl,
      content, writer, regdate, updatedate,
      view_count as viewCount, like_count as likeCount, (SELECT COUNT(*) FROM tbl_reply WHERE board_type='market' AND tbl_reply.bno=tbl_vintage_market.bno) as replyCount
    FROM tbl_vintage_market 
    WHERE trade_type = #{tradeType}
    ORDER BY bno DESC  
  </select>
  
  <select id="getListByBrand" resultType="cs.dit.domain.VintageMarketVO">
    SELECT 
      bno, title, trade_type as tradeType, brand, model, year, price,
      watch_condition as watchCondition, is_serviced as isServiced, 
      location, trade_status as tradeStatus, image_url as imageUrl,
      content, writer, regdate, updatedate,
      view_count as viewCount, like_count as likeCount, (SELECT COUNT(*) FROM tbl_reply WHERE board_type='market' AND tbl_reply.bno=tbl_vintage_market.bno) as replyCount
    FROM tbl_vintage_market 
    WHERE brand = #{brand}
    ORDER BY bno DESC  
  </select>
  
  <select id="getListByStatus" resultType="cs.dit.domain.VintageMarketVO">
    SELECT 
      bno, title, trade_type as tradeType, brand, model, year, price,
      watch_condition as watchCondition, is_serviced as isServiced, 
      location, trade_status as tradeStatus, image_url as imageUrl,
      content, writer, regdate, updatedate,
      view_count as viewCount, like_count as likeCount, (SELECT COUNT(*) FROM tbl_reply WHERE board_type='market' AND tbl_reply.bno=tbl_vintage_market.bno) as replyCount
    FROM tbl_vintage_market 
    WHERE trade_status = #{tradeStatus}
    ORDER BY bno DESC  
  </select>
  
  <select id="read" resultType="cs.dit.domain.VintageMarketVO">
    SELECT 
      bno, title, trade_type as tradeType, brand, model, year, price,
      watch_condition as watchCondition, is_serviced as isServiced, 
      location, trade_status as tradeStatus, image_url as imageUrl,
      content, writer, regdate, updatedate,
      view_count as viewCount, like_count as likeCount, (SELECT COUNT(*) FROM tbl_reply WHERE board_type='market' AND tbl_reply.bno=tbl_vintage_market.bno) as replyCount
    FROM tbl_vintage_market 
    WHERE bno = #{bno} 
  </select>
  
  <insert id="insert">
    INSERT INTO tbl_vintage_market(
      title, trade_type, brand, model, year, price, 
      watch_condition, is_serviced, location, trade_status, 
      image_url, content, writer
    ) VALUES(
      #{title}, #{tradeType}, #{brand}, #{model}, #{year}, #{price},
      #{watchCondition}, #{isServiced}, #{location}, #{tradeStatus},
      #{imageUrl}, #{content}, #{writer}
    )  	
  </insert>
  
  <update id="update">
    UPDATE tbl_vintage_market SET 
      title = #{title},
      trade_type = #{tradeType},
      brand = #{brand},
      model = #{model},
      year = #{year},
      price = #{price},
      watch_condition = #{watchCondition},
      is_serviced = #{isServiced},
      location = #{location},
      trade_status = #{tradeStatus},
      image_url = #{imageUrl},
      content = #{content}, 
      writer = #{writer},
      updatedate = NOW() 
    WHERE bno = #{bno}
  </update>
  
  <delete id="delete">
    DELETE FROM tbl_vintage_market WHERE bno = #{bno}
  </delete>
  
  <update id="increaseViewCount">
    UPDATE tbl_vintage_market SET view_count = view_count + 1 WHERE bno = #{bno}
  </update>
  
  <update id="increaseLikeCount">
    UPDATE tbl_vintage_market SET like_count = like_count + 1 WHERE bno = #{bno}
  </update>
  
  <update id="decreaseLikeCount">
    UPDATE tbl_vintage_market SET like_count = like_count - 1 WHERE bno = #{bno} AND like_count > 0
  </update>
  
  <update id="updateReplyCount">
    UPDATE tbl_vintage_market SET 
      reply_count = (SELECT COUNT(*) FROM tbl_reply WHERE board_type='market' AND bno=#{bno})
    WHERE bno = #{bno}
  </update>
  
</mapper>
