<?xml version="1.0" encoding="UTF-8"?>
<!DOCTYPE mapper
  PUBLIC "-//mybatis.org//DTD Mapper 3.0//EN"
  "http://mybatis.org/dtd/mybatis-3-mapper.dtd">

<mapper namespace="cs.dit.mapper.WatchCustomMapper">

  <select id="getList" resultType="cs.dit.domain.WatchCustomVO">
    SELECT * FROM tbl_watch_custom ORDER BY bno DESC  
  </select>
  
  <select id="getListByDifficulty" resultType="cs.dit.domain.WatchCustomVO">
    SELECT * FROM tbl_watch_custom 
    WHERE difficulty = #{difficulty}
    ORDER BY bno DESC  
  </select>
  
  <select id="getListByMovement" resultType="cs.dit.domain.WatchCustomVO">
    SELECT * FROM tbl_watch_custom 
    WHERE movement LIKE CONCAT('%', #{movement}, '%')
    ORDER BY bno DESC  
  </select>
  
  <select id="read" resultType="cs.dit.domain.WatchCustomVO">
    SELECT * FROM tbl_watch_custom WHERE bno = #{bno} 
  </select>
  
  <insert id="insert">
    INSERT INTO tbl_watch_custom(
      title, project_name, style, movement, case_info, 
      dial_info, hands_info, total_cost, difficulty, build_time,
      image_url, content, writer
    ) VALUES(
      #{title}, #{projectName}, #{style}, #{movement}, #{caseInfo},
      #{dialInfo}, #{handsInfo}, #{totalCost}, #{difficulty}, #{buildTime},
      #{imageUrl}, #{content}, #{writer}
    )  	
  </insert>
  
  <update id="update">
    UPDATE tbl_watch_custom SET 
      title = #{title},
      project_name = #{projectName},
      style = #{style},
      movement = #{movement},
      case_info = #{caseInfo},
      dial_info = #{dialInfo},
      hands_info = #{handsInfo},
      total_cost = #{totalCost},
      difficulty = #{difficulty},
      build_time = #{buildTime},
      image_url = #{imageUrl},
      content = #{content}, 
      writer = #{writer},
      updatedate = NOW() 
    WHERE bno = #{bno}
  </update>
  
  <delete id="delete">
    DELETE FROM tbl_watch_custom WHERE bno = #{bno}
  </delete>
  
  <update id="increaseViewCount">
    UPDATE tbl_watch_custom SET view_count = view_count + 1 WHERE bno = #{bno}
  </update>
  
  <update id="increaseLikeCount">
    UPDATE tbl_watch_custom SET like_count = like_count + 1 WHERE bno = #{bno}
  </update>
  
  <update id="decreaseLikeCount">
    UPDATE tbl_watch_custom SET like_count = like_count - 1 WHERE bno = #{bno} AND like_count > 0
  </update>
  
  <update id="updateReplyCount">
    UPDATE tbl_watch_custom SET 
      reply_count = (SELECT COUNT(*) FROM tbl_reply WHERE board_type='custom' AND bno=#{bno})
    WHERE bno = #{bno}
  </update>
  
</mapper>
