<?xml version="1.0" encoding="UTF-8"?>
<!DOCTYPE mapper
  PUBLIC "-//mybatis.org//DTD Mapper 3.0//EN"
  "http://mybatis.org/dtd/mybatis-3-mapper.dtd">

<mapper namespace="cs.dit.mapper.VintageReviewMapper">

  <!-- 전체 목록 -->
  <select id="getList" resultType="cs.dit.domain.VintageReviewVO">
    SELECT 
      bno,
      title,
      brand,
      model,
      year,
      movement,
      rating,
      price,
      watch_condition as watchCondition,
      image_url as imageUrl,
      content,
      writer,
      regdate,
      updatedate,
      view_count as viewCount,
      like_count as likeCount,
      (SELECT COUNT(*) FROM tbl_reply WHERE board_type='review' AND tbl_reply.bno=tbl_vintage_review.bno) as replyCount
    FROM tbl_vintage_review 
    ORDER BY bno DESC  
  </select>
  
  <!-- 브랜드별 검색 -->
  <select id="getListByBrand" resultType="cs.dit.domain.VintageReviewVO">
    SELECT 
      bno,
      title,
      brand,
      model,
      year,
      movement,
      rating,
      price,
      watch_condition as watchCondition,
      image_url as imageUrl,
      content,
      writer,
      regdate,
      updatedate,
      view_count as viewCount,
      like_count as likeCount,
      (SELECT COUNT(*) FROM tbl_reply WHERE board_type='review' AND tbl_reply.bno=tbl_vintage_review.bno) as replyCount
    FROM tbl_vintage_review 
    WHERE brand = #{brand}
    ORDER BY bno DESC  
  </select>
  
  <!-- 평점별 검색 -->
  <select id="getListByRating" resultType="cs.dit.domain.VintageReviewVO">
    SELECT 
      bno,
      title,
      brand,
      model,
      year,
      movement,
      rating,
      price,
      watch_condition as watchCondition,
      image_url as imageUrl,
      content,
      writer,
      regdate,
      updatedate,
      view_count as viewCount,
      like_count as likeCount,
      (SELECT COUNT(*) FROM tbl_reply WHERE board_type='review' AND tbl_reply.bno=tbl_vintage_review.bno) as replyCount
    FROM tbl_vintage_review 
    WHERE rating >= #{rating}
    ORDER BY rating DESC, bno DESC  
  </select>
  
  <!-- 조회 -->
  <select id="read" resultType="cs.dit.domain.VintageReviewVO">
    SELECT 
      bno,
      title,
      brand,
      model,
      year,
      movement,
      rating,
      price,
      watch_condition as watchCondition,
      image_url as imageUrl,
      content,
      writer,
      regdate,
      updatedate,
      view_count as viewCount,
      like_count as likeCount,
      (SELECT COUNT(*) FROM tbl_reply WHERE board_type='review' AND tbl_reply.bno=tbl_vintage_review.bno) as replyCount
    FROM tbl_vintage_review 
    WHERE bno = #{bno} 
  </select>
  
  <!-- 등록 -->
  <insert id="insert">
    INSERT INTO tbl_vintage_review(
      title, brand, model, year, movement, rating, price, 
      watch_condition, image_url, content, writer
    ) VALUES(
      #{title}, #{brand}, #{model}, #{year}, #{movement}, #{rating}, #{price},
      #{watchCondition}, #{imageUrl}, #{content}, #{writer}
    )  	
  </insert>
  
  <!-- 수정 -->
  <update id="update">
    UPDATE tbl_vintage_review SET 
      title = #{title},
      brand = #{brand},
      model = #{model},
      year = #{year},
      movement = #{movement},
      rating = #{rating},
      price = #{price},
      watch_condition = #{watchCondition},
      image_url = #{imageUrl},
      content = #{content}, 
      writer = #{writer},
      updatedate = NOW() 
    WHERE bno = #{bno}
  </update>
  
  <!-- 삭제 -->
  <delete id="delete">
    DELETE FROM tbl_vintage_review WHERE bno = #{bno}
  </delete>
  
  <!-- 조회수 증가 -->
  <update id="increaseViewCount">
    UPDATE tbl_vintage_review SET view_count = view_count + 1 WHERE bno = #{bno}
  </update>
  
  <!-- 좋아요 증가 -->
  <update id="increaseLikeCount">
    UPDATE tbl_vintage_review SET like_count = like_count + 1 WHERE bno = #{bno}
  </update>
  
  <!-- 좋아요 감소 -->
  <update id="decreaseLikeCount">
    UPDATE tbl_vintage_review SET like_count = like_count - 1 WHERE bno = #{bno} AND like_count > 0
  </update>
  
  <!-- 댓글 수 업데이트 -->
  <update id="updateReplyCount">
    UPDATE tbl_vintage_review SET 
      reply_count = (SELECT COUNT(*) FROM tbl_reply WHERE board_type='review' AND bno=#{bno})
    WHERE bno = #{bno}
  </update>
  
</mapper>
