<?xml version="1.0" encoding="UTF-8"?>
<!DOCTYPE mapper
  PUBLIC "-//mybatis.org//DTD Mapper 3.0//EN"
  "http://mybatis.org/dtd/mybatis-3-mapper.dtd">

<mapper namespace="cs.dit.mapper.WatchCustomMapper">

    <insert id="insert">
        INSERT INTO tbl_watch_custom (title, projectName, style, movement, caseInfo, dialInfo, handsInfo, totalCost, difficulty, buildTime, imageUrl, content, writer)
        VALUES (#{title}, #{projectName}, #{style}, #{movement}, #{caseInfo}, #{dialInfo}, #{handsInfo}, #{totalCost}, #{difficulty}, #{buildTime}, #{imageUrl}, #{content}, #{writer})
    </insert>
    
    <select id="read" resultType="cs.dit.domain.WatchCustomVO">
        SELECT * FROM tbl_watch_custom WHERE bno = #{bno}
    </select>
    
    <update id="update">
        UPDATE tbl_watch_custom 
        SET title = #{title},
            projectName = #{projectName},
            style = #{style},
            movement = #{movement},
            caseInfo = #{caseInfo},
            dialInfo = #{dialInfo},
            handsInfo = #{handsInfo},
            totalCost = #{totalCost},
            difficulty = #{difficulty},
            buildTime = #{buildTime},
            imageUrl = #{imageUrl},
            content = #{content},
            updatedate = CURRENT_TIMESTAMP
        WHERE bno = #{bno}
    </update>
    
    <delete id="delete">
        DELETE FROM tbl_watch_custom WHERE bno = #{bno}
    </delete>
    
    <select id="getList" resultType="cs.dit.domain.WatchCustomVO">
        SELECT * FROM tbl_watch_custom 
        ORDER BY bno DESC
    </select>
    
    <select id="getListByDifficulty" resultType="cs.dit.domain.WatchCustomVO">
        SELECT * FROM tbl_watch_custom 
        WHERE difficulty = #{difficulty}
        ORDER BY bno DESC
    </select>
    
    <update id="increaseViewCount">
        UPDATE tbl_watch_custom 
        SET viewCount = viewCount + 1 
        WHERE bno = #{bno}
    </update>
    
    <update id="increaseLikeCount">
        UPDATE tbl_watch_custom 
        SET likeCount = likeCount + 1 
        WHERE bno = #{bno}
    </update>
    
    <update id="decreaseLikeCount">
        UPDATE tbl_watch_custom 
        SET likeCount = likeCount - 1 
        WHERE bno = #{bno} AND likeCount > 0
    </update>

</mapper>
